,,
1,Acura,ILX
2,Acura,MDX
3,Acura,RDX
4,Acura,RLX
5,Acura,TL
6,Acura,TLX
7,Alfa Romeo,4C
8,Audi,A3
9,Audi,A4
10,Audi,A5
11,Audi,A6
12,Audi,A7
13,Audi,A8
14,Audi,allroad
15,Audi,Q3
16,Audi,Q5
17,Audi,Q7
18,Audi,R8
19,Audi,RS 5
20,Audi,RS 7
21,Audi,S3
22,Audi,S4
23,Audi,S5
24,Audi,S8
25,Audi,SQ5
26,Bentley,Continental GT
27,Bentley,Flying Spur
28,BMW,2 Series
29,BMW,3 Series
30,BMW,3 Series Gran Turismo
31,BMW,4 Series
32,BMW,4 Series Gran Coupe
33,BMW,5 Series
34,BMW,6 Series Gran Coupe
35,BMW,7 Series
36,BMW,i3
37,BMW,M4
38,BMW,M5
39,BMW,X3
40,BMW,X4
41,BMW,X5
42,BMW,X6
43,Buick,Enclave
44,Buick,Encore
45,Buick,LaCrosse
46,Buick,Regal
47,Buick,Verano
48,Cadillac,ATS
49,Cadillac,CTS
50,Cadillac,ELR
51,Cadillac,Escalade
52,Cadillac,XTS
53,Chevrolet,Camaro
54,Chevrolet,City Express
55,Chevrolet,Colorado
56,Chevrolet,Corvette
57,Chevrolet,Corvette Stingray
58,Chevrolet,Cruze
59,Chevrolet,Impala
60,Chevrolet,Silverado 1500
61,Chevrolet,Silverado 2500HD
62,Chevrolet,Sonic
63,Chevrolet,Spark EV
64,Chevrolet,SS
65,Chevrolet,Suburban
66,Chevrolet,Tahoe
67,Chevrolet,Traverse
68,Chevrolet,Trax
69,Chrysler,200
70,Chrysler,300
71,Chrysler,Town and Country
72,Dodge,Avenger
73,Dodge,Challenger
74,Dodge,Charger
75,Dodge,Dart
76,Dodge,Durango
77,Dodge,Grand Caravan
78,Dodge,Journey
79,Dodge,SRT Viper
80,Dodge,Viper
81,FIAT,500
82,FIAT,500e
83,FIAT,500L
84,Ford,C-Max Energi
85,Ford,C-Max Hybrid
86,Ford,Edge
87,Ford,Escape
88,Ford,Explorer
89,Ford,F-150
90,Ford,F-250 Super Duty
91,Ford,F-350 Super Duty
92,Ford,F-450 Super Duty
93,Ford,Fiesta
94,Ford,Focus
95,Ford,Focus ST
96,Ford,Fusion
97,Ford,Fusion Energi
98,Ford,Fusion Hybrid
99,Ford,Mustang
100,Ford,Shelby GT500
101,GMC,Canyon
102,GMC,Yukon XL
103,Honda,Accord
104,Honda,Accord Hybrid
105,Honda,Accord Plug-In Hybrid
106,Honda,Civic
107,Honda,CR-V
108,Honda,Crosstour
109,Honda,Fit
110,Honda,Odyssey
111,Honda,Pilot
112,Hyundai,Accent
113,Hyundai,Azera
114,Hyundai,Elantra
115,Hyundai,Elantra Coupe
116,Hyundai,Equus
117,Hyundai,Genesis
118,Hyundai,Genesis Coupe
119,Hyundai,Santa Fe
120,Hyundai,Santa Fe Sport
121,Hyundai,Sonata
122,Hyundai,Sonata Hybrid
123,Hyundai,Tucson
124,Infiniti,Q50
125,Infiniti,Q70
126,Infiniti,QX60
127,Infiniti,QX70
128,Infiniti,QX80
129,Jaguar,F-TYPE
130,Jaguar,XF
131,Jaguar,XJ
132,Jeep,Cherokee
133,Jeep,Compass
134,Jeep,Grand Cherokee
135,Jeep,Patriot
136,Jeep,Renegade
137,Jeep,Wrangler
138,Kia,Cadenza
139,Kia,Forte
140,Kia,K900
141,Kia,Optima
142,Kia,Sedona
143,Kia,Sorento
144,Kia,Soul
145,Kia,Soul EV
146,Kia,Sportage
147,Land Rover,Discovery Sport
148,Land Rover,LR4
149,Land Rover,Range Rover Evoque
150,Land Rover,Range Rover Sport
151,Lexus,CT 200h
152,Lexus,ES 350
153,Lexus,GS 350
154,Lexus,GS 450h
155,Lexus,IS 250
156,Lexus,IS 350
157,Lexus,LS 460
158,Lexus,NX 200t
159,Lexus,NX 300h
160,Lexus,RC 350
161,Lexus,RC F
162,Lexus,RX 350
163,Lexus,RX 450h
164,Lincoln,MKC
165,Lincoln,MKZ
166,Lincoln,Navigator
167,Maserati,Ghibli
168,Mazda,3
169,Mazda,5
170,Mazda,6
171,Mazda,CX-5
172,Mazda,CX-9
173,Mazda,MX-5 Miata
174,Mercedes-Benz,B-Class Electric Drive
175,Mercedes-Benz,C-Class
176,Mercedes-Benz,CLA-Class
177,Mercedes-Benz,CLS-Class
178,Mercedes-Benz,E-Class
179,Mercedes-Benz,G-Class
180,Mercedes-Benz,GL-Class
181,Mercedes-Benz,GLA-Class
182,Mercedes-Benz,GLK-Class
183,Mercedes-Benz,S-Class
184,Mercedes-Benz,SL-Class
185,Mercedes-Benz,SLS AMG GT
186,MINI,Cooper
187,MINI,Cooper Countryman
188,MINI,Cooper Paceman
189,Mitsubishi,Mirage
190,Mitsubishi,Outlander
191,Mitsubishi,Outlander Sport
192,Nissan,370Z
193,Nissan,Altima
194,Nissan,Frontier
195,Nissan,GT-R
196,Nissan,Juke
197,Nissan,Leaf
198,Nissan,Murano
199,Nissan,NV200
200,Nissan,Pathfinder
201,Nissan,Rogue
202,Nissan,Sentra
203,Nissan,Versa Note
204,Porsche,911
205,Porsche,Boxster
206,Porsche,Cayenne
207,Porsche,Cayman
208,Porsche,Panamera
209,Ram,1500
210,Ram,2500
211,Ram,3500
212,Rolls-Royce,Ghost
213,Rolls-Royce,Wraith
214,Scion,FR-S
215,Scion,tC
216,Scion,xB
217,Subaru,BRZ
218,Subaru,Forester
219,Subaru,Impreza
220,Subaru,Legacy
221,Subaru,Outback
222,Subaru,XV Crosstrek
223,Tesla,Model S
224,Toyota,4Runner
225,Toyota,Avalon
226,Toyota,Avalon Hybrid
227,Toyota,Camry
228,Toyota,Camry Hybrid
229,Toyota,Corolla
230,Toyota,Highlander
231,Toyota,Highlander Hybrid
232,Toyota,Prius
233,Toyota,Prius c
234,Toyota,Prius Plug-in
235,Toyota,Prius v
236,Toyota,RAV4
237,Toyota,Sequoia
238,Toyota,Sienna
239,Toyota,Tacoma
240,Toyota,Tundra
241,Toyota,Venza
242,Toyota,Yaris
243,Volkswagen,Beetle
244,Volkswagen,Beetle Convertible
245,Volkswagen,CC
246,Volkswagen,GTI
247,Volkswagen,Jetta
248,Volkswagen,Jetta Hybrid
249,Volkswagen,Passat
250,Volkswagen,Tiguan
251,Volkswagen,Touareg
